{"name":"5ccedb66-ca2c-45fc-a418-528744d7ab5f","id":"/providers/Microsoft.Flow/flows/5ccedb66-ca2c-45fc-a418-528744d7ab5f","type":"Microsoft.Flow/flows","properties":{"apiId":"/providers/Microsoft.PowerApps/apis/shared_logicflows","displayName":"Update SP Items (Batch)","definition":{"metadata":{"workflowEntityId":null,"processAdvisorMetadata":null,"flowclientsuspensionreason":"None","flowclientsuspensiontime":null,"creator":{"id":"8b54a556-0bc2-4d63-949d-3d97ef47775b","type":"User","tenantId":"e00a9881-264e-41df-b847-7f7b282ccc2d"},"provisioningMethod":"FromDefinition","failureAlertSubscription":true,"clientLastModifiedTime":"2022-02-10T07:55:37.1265817Z"},"$schema":"https://schema.management.azure.com/providers/Microsoft.Logic/schemas/2016-06-01/workflowdefinition.json#","contentVersion":"1.0.0.0","parameters":{"$connections":{"defaultValue":{},"type":"Object"},"$authentication":{"defaultValue":{},"type":"SecureObject"}},"triggers":{"manual":{"metadata":{"operationMetadataId":"158c02ba-ad18-4538-b1e1-3a0abfc17d35"},"type":"Request","kind":"Button","inputs":{"schema":{"type":"object","properties":{},"required":[]}}}},"actions":{"Initialize_variable":{"runAfter":{"List_rows_present_in_a_table":["Succeeded"]},"metadata":{"operationMetadataId":"afbf8985-cea5-4641-9197-ec65a3bd2196"},"type":"InitializeVariable","inputs":{"variables":[{"name":"LoopControl","type":"integer","value":-1}]}},"List_rows_present_in_a_table":{"runAfter":{},"metadata":{"01CM5RGF7NB7LLJER2IZCKSXA5V66EPWLK":"/__PA_Test/ExcelMockData.xlsx","flowSystemMetadata":{"swaggerOperationId":"GetItems"},"01DLBAAK22OJMDQRFTYRF3IZI7S2OAZOBU":"/Pacific Release Tracker Template.xlsx","operationMetadataId":"a951b5e5-d973-4a53-9cdf-fe06a3e94d7e","01EXC6B5TZD4HTGEUT4RHZ2AQE7CSLLEOA":"/ExcelMockData.xlsx"},"type":"ApiConnection","inputs":{"host":{"connection":{"name":"@json(decodeBase64(triggerOutputs().headers['X-MS-APIM-Tokens']))['$connections']['shared_excelonlinebusiness']['connectionId']"},"api":{"runtimeUrl":"https://asia-001.azure-apim.net/apim/excelonlinebusiness"}},"method":"get","path":"/drives/@{encodeURIComponent('b!XkpyURhxQUOJSewKIqTLcv7JttT6e05NkSOGlg2q7cLkjdQnRda8T4fvtacw-g4k')}/files/@{encodeURIComponent(encodeURIComponent('01EXC6B5TZD4HTGEUT4RHZ2AQE7CSLLEOA'))}/tables/@{encodeURIComponent('{00000000-000C-0000-FFFF-FFFF00000000}')}/items","queries":{"source":"sites/anjcerbolles.sharepoint.com,51724a5e-7118-4341-8949-ec0a22a4cb72,d4b6c9fe-7bfa-4d4e-9123-86960daaedc2","$top":50,"dateTimeFormat":"ISO 8601"},"authentication":{"type":"Raw","value":"@json(decodeBase64(triggerOutputs().headers['X-MS-APIM-Tokens']))['$ConnectionKey']"}},"runtimeConfiguration":{"paginationPolicy":{"minimumItemCount":1000}}},"Apply_to_each":{"foreach":"@body('List_rows_present_in_a_table')?['value']","actions":{"Get_items":{"runAfter":{},"metadata":{"operationMetadataId":"62ec133c-f107-44bf-88ba-cec93468944c","flowSystemMetadata":{"swaggerOperationId":"GetItems"}},"type":"ApiConnection","inputs":{"host":{"connection":{"name":"@json(decodeBase64(triggerOutputs().headers['X-MS-APIM-Tokens']))['$connections']['shared_sharepointonline_1']['connectionId']"},"api":{"runtimeUrl":"https://asia-001.azure-apim.net/apim/sharepointonline"}},"method":"get","path":"/datasets/@{encodeURIComponent(encodeURIComponent('https://anjcerbolles.sharepoint.com/sites/NewEmployeeEngineeringOnboarding'))}/tables/@{encodeURIComponent(encodeURIComponent('a2bacddd-10cf-44e6-8cb7-291a1b1c3350'))}/items","queries":{"$filter":"Title eq '@{items('Apply_to_each')?['Title']}'"},"authentication":{"type":"Raw","value":"@json(decodeBase64(triggerOutputs().headers['X-MS-APIM-Tokens']))['$ConnectionKey']"}}},"Apply_to_each_Array":{"foreach":"@body('Get_items')?['value']","actions":{"Append_to_array_variable":{"runAfter":{},"metadata":{"operationMetadataId":"d4ec5f53-6038-47d0-9377-dd13007d9d66"},"type":"AppendToArrayVariable","inputs":{"name":"GetItems","value":{"__metadata":{"type":"SP.Data.List_x0020_TrackerListItem"},"ID":"@{items('Apply_to_each_Array')?['ID']}","Title":"@{items('Apply_to_each_Array')?['Title']}","StartDate":"@{items('Apply_to_each')?['StartDate']}","Description":"@{items('Apply_to_each')?['Description']}"}}}},"runAfter":{"Get_items":["Succeeded"]},"metadata":{"operationMetadataId":"57f40a5a-b67e-4769-ad2b-e561d248e0f8"},"type":"Foreach","runtimeConfiguration":{"concurrency":{"repetitions":50}}}},"runAfter":{"settings":["Succeeded"]},"metadata":{"operationMetadataId":"4640d5d4-c060-4163-9294-395c1a2b2adc"},"type":"Foreach","runtimeConfiguration":{"concurrency":{"repetitions":50}}},"settings":{"runAfter":{"Initialize_variable_GetItems":["Succeeded"]},"trackedProperties":{"meta":{"type":"SP.Data.@{outputs('settings')?['listName']}ListItem"},"batchGUID":"@{guid()}","changeSetGUID":"@{guid()}"},"metadata":{"operationMetadataId":"596c0566-dcae-4d80-b5a6-fd63bd35b95f"},"type":"Compose","inputs":{"siteAddress":"https://anjcerbolles.sharepoint.com/sites/NewEmployeeEngineeringOnboarding/","listName":"List Tracker","batchSize":1000},"description":"list to batch create items from"},"Condition":{"actions":{},"runAfter":{"Filter_array":["Succeeded"]},"else":{"actions":{"Do_until":{"actions":{"LoopControl":{"runAfter":{"ReplaceRows":["Succeeded"]},"metadata":{"operationMetadataId":"e066faab-852b-4b8d-8414-1a8b101872c2"},"type":"SetVariable","inputs":{"name":"LoopControl","value":"@length(body('ReplaceRows'))"},"description":"length(body('ReplaceRows'))"},"batchData":{"runAfter":{"LoopControl":["Succeeded"]},"metadata":{"operationMetadataId":"906b239f-9bf9-47ec-bc61-42a7e24c0966"},"type":"Compose","inputs":"@join(body('ReplaceRows'), decodeUriComponent('%0A'))","description":"join(body('ReplaceRows'), decodeUriComponent('%0A'))"},"SendBatch":{"runAfter":{"batchData":["Succeeded"]},"limit":{"timeout":"P1D"},"metadata":{"flowSystemMetadata":{"swaggerOperationId":"HttpRequest"},"operationMetadataId":"8f21428d-a5bd-4010-bfdc-3c3244c77ea2"},"type":"ApiConnection","inputs":{"host":{"connection":{"name":"@json(decodeBase64(triggerOutputs().headers['X-MS-APIM-Tokens']))['$connections']['shared_sharepointonline_1']['connectionId']"},"api":{"runtimeUrl":"https://asia-001.azure-apim.net/apim/sharepointonline"}},"method":"post","body":{"method":"POST","uri":"/_api/$batch","headers":{"X-RequestDigest":"digest","Content-Type":"multipart/mixed;boundary=batch_@{actions('settings')?['trackedProperties']['batchGUID']}"},"body":"--batch_@{actions('settings')?['trackedProperties']['batchGUID']}\nContent-Type: multipart/mixed; boundary=\"changeset_@{actions('settings')?['trackedProperties']['changeSetGUID']}\"\nContent-Length: @{length(outputs('batchData'))}\nContent-Transfer-Encoding: binary\n\n@{outputs('batchData')}\n--changeset_@{actions('settings')?['trackedProperties']['changeSetGUID']}--\n\n--batch_@{actions('settings')?['trackedProperties']['batchGUID']}--"},"path":"/datasets/@{encodeURIComponent(encodeURIComponent('https://anjcerbolles.sharepoint.com/sites/NewEmployeeEngineeringOnboarding'))}/httprequest","authentication":{"type":"Raw","value":"@json(decodeBase64(triggerOutputs().headers['X-MS-APIM-Tokens']))['$ConnectionKey']"}}},"Results":{"runAfter":{"SendBatch":["Succeeded"]},"metadata":{"operationMetadataId":"a32e0cfa-7777-42ef-bcb0-5b5bbbbbad5d"},"type":"Compose","inputs":"@base64ToString(body('sendBatch')['$content'])"},"ReplaceRows":{"runAfter":{},"metadata":{"operationMetadataId":"186a1bc7-c789-48ec-ae3a-66a1de55cadb"},"type":"Select","inputs":{"from":"@take(skip(body('Filter_array'), mul(outputs('settings')['batchSize'], iterationIndexes('Do_until'))), outputs('settings')['batchSize'])","select":"@replace(replace(outputs('Template'), '|RowData|', string(item())), '|ID|', string(item()['ID']))"},"description":"From: take(skip(body('Filter_array'), mul(outputs('settings')['batchSize'], iterationIndexes('Do_until'))), outputs('settings')['batchSize'])"}},"runAfter":{"Template":["Succeeded"]},"expression":"@equals(variables('LoopControl'), 0)","limit":{"count":60,"timeout":"PT1H"},"metadata":{"operationMetadataId":"10fdb9c5-51f4-46bb-b927-727d7b2e5264"},"type":"Until","description":"iterates through all of the JSON data in batches until no more remains"},"Template":{"runAfter":{},"metadata":{"operationMetadataId":"47a1925b-c707-45a0-8535-af6a0c6948ca"},"type":"Compose","inputs":"--changeset_@{actions('settings')?['trackedProperties']['changeSetGUID']}\nContent-Type: application/http\nContent-Transfer-Encoding: binary\n\nPATCH @{outputs('settings')['siteAddress']}_api/web/lists/getByTitle('@{outputs('settings')['listName']}')/items('|ID|') HTTP/1.1\nContent-Type: application/json;odata=verbose\nIf-Match: *\n\n|RowData|\n"}}},"expression":{"equals":[0,"@length(body('Filter_array'))"]},"metadata":{"operationMetadataId":"1e8453a3-f768-4d58-81ac-72199874c18b"},"type":"If"},"Compose":{"runAfter":{"Apply_to_each":["Succeeded"]},"metadata":{"operationMetadataId":"97f8d3c8-cc38-4699-aca7-429508750814"},"type":"Compose","inputs":"@variables('GetItems')"},"Filter_array":{"runAfter":{"Compose":["Succeeded"]},"metadata":{"operationMetadataId":"73649f2b-ee22-4dd2-8107-c41f25d06bed"},"type":"Query","inputs":{"from":"@outputs('Compose')","where":"@equals(empty(item()), false)"}},"Initialize_variable_GetItems":{"runAfter":{"Initialize_variable":["Succeeded"]},"metadata":{"operationMetadataId":"d77903ca-7a6b-4e24-8b28-41b98c655080"},"type":"InitializeVariable","inputs":{"variables":[{"name":"GetItems","type":"array","value":[]}]}}}},"connectionReferences":{"shared_excelonlinebusiness":{"connectionName":"2ea4c18d7036472f9fb14f52d6b25d16","source":"Invoker","id":"/providers/Microsoft.PowerApps/apis/shared_excelonlinebusiness","tier":"NotSpecified"},"shared_sharepointonline_1":{"connectionName":"3364e0bf5cd042f2a747a07d956b3487","source":"Invoker","id":"/providers/Microsoft.PowerApps/apis/shared_sharepointonline","tier":"NotSpecified"}},"flowFailureAlertSubscribed":false}}